soil_n,soil_p,soil_k,soil_ph,temperature_c,humidity_pct,rainfall_mm,location,season,historical_yield,crop
60.0,32.0,34.0,6.8,22.0,58.0,75.0,Patna,rabi,2580.0,wheat
55.0,30.0,31.0,7.1,20.0,52.0,60.0,Lucknow,rabi,2410.0,wheat
62.0,36.0,38.0,6.9,19.0,57.0,85.0,Varanasi,rabi,2690.0,wheat
58.0,34.0,33.0,7.3,18.0,49.0,55.0,Ranchi,rabi,2330.0,wheat
64.0,37.0,35.0,6.7,23.0,61.0,90.0,Pune,rabi,2720.0,wheat
69.83,52.44,48.97,6.85,27.76,74.14,247.55,Ranchi,rabi,1902.11,rice
87.56,25.84,21.02,5.38,31.39,80.47,157.09,Lucknow,rabi,2601.67,rice
65.68,31.6,43.43,6.08,22.28,90.31,326.12,Bhopal,rabi,2024.4,rice
59.34,43.53,32.66,6.52,31.45,88.75,144.78,Lucknow,rabi,3265.62,rice
65.24,52.76,27.41,5.29,27.66,94.79,325.09,Nagpur,rabi,2997.77,rice
79.24,50.37,47.14,6.03,26.86,79.5,269.94,Lucknow,rabi,3187.99,rice
64.91,28.28,53.57,6.83,23.37,69.8,256.72,Pune,rabi,2033.88,rice
59.07,49.17,22.34,7.05,23.29,90.78,327.61,Varanasi,rabi,3367.31,rice
80.58,29.33,26.29,6.16,27.42,74.28,204.53,Ranchi,rabi,2386.23,rice
84.19,39.35,62.13,6.76,28.23,78.16,346.93,Ranchi,rabi,2948.42,rice
77.9,25.08,62.57,5.8,29.51,86.89,269.32,Pune,rabi,3304.95,rice
80.39,34.41,38.4,5.64,29.65,76.56,128.29,Ranchi,rabi,2469.44,rice
64.02,40.04,45.46,6.6,30.42,85.62,192.73,Bhopal,rabi,3059.89,rice
72.26,41.91,36.23,6.23,31.58,91.93,331.84,Lucknow,rabi,2605.81,rice
86.99,31.01,57.68,6.19,23.51,69.95,313.66,Ranchi,rabi,1888.91,rice
73.77,25.27,28.14,7.01,22.58,74.29,187.17,Patna,rabi,2584.32,rice
74.73,22.94,30.97,6.89,30.29,85.53,274.15,Varanasi,rabi,3020.64,rice
62.1,31.86,28.62,5.25,34.06,80.1,190.73,Nagpur,rabi,2757.56,rice
94.42,36.27,64.01,6.02,32.32,70.29,247.76,Varanasi,rabi,3083.3,rice
91.61,37.39,26.05,5.93,22.87,73.45,124.06,Patna,rabi,2525.25,rice
68.73,34.71,63.16,6.7,29.03,75.68,326.31,Varanasi,rabi,2176.16,rice
72.32,21.25,63.19,5.41,22.53,74.64,135.07,Ranchi,rabi,2528.19,rice
67.5,21.78,25.02,5.97,22.79,86.85,167.61,Pune,rabi,2283.31,rice
71.66,20.06,25.04,6.93,22.02,81.72,232.59,Bhopal,rabi,2332.95,rice
86.22,49.44,31.72,5.84,25.15,80.96,277.15,Lucknow,rabi,2165.2,rice
94.39,32.65,56.59,5.84,32.39,84.22,169.76,Varanasi,rabi,2462.44,rice
82.3,25.23,63.27,5.56,24.59,91.19,329.89,Nagpur,rabi,2139.44,rice
84.34,50.74,37.06,6.23,31.64,87.74,300.08,Lucknow,rabi,2711.89,rice
83.77,51.06,37.76,5.84,29.91,83.69,214.1,Varanasi,rabi,2762.84,rice
65.38,21.58,41.67,7.12,30.48,81.38,145.46,Patna,rabi,2203.9,rice
85.03,47.78,29.54,7.05,27.69,85.25,120.53,Nagpur,rabi,3389.39,rice
68.69,34.29,39.8,5.45,23.19,86.02,270.77,Pune,rabi,2860.66,rice
72.76,52.76,58.43,5.84,29.08,81.23,265.41,Varanasi,rabi,2334.58,rice
64.61,42.57,33.02,5.72,29.62,79.07,170.34,Nagpur,rabi,3105.69,rice
94.94,26.74,26.93,6.05,30.06,93.19,345.59,Patna,rabi,1911.43,rice
75.03,44.02,49.37,7.18,34.99,81.94,141.9,Bhopal,rabi,2964.55,rice
87.93,25.88,26.61,6.92,32.7,82.55,308.42,Lucknow,rabi,1948.41,rice
84.51,29.01,53.85,6.21,31.75,80.55,204.62,Lucknow,rabi,2150.7,rice
66.56,45.72,45.49,6.3,32.77,87.18,126.11,Bhopal,rabi,1879.13,rice
74.45,29.11,38.84,6.72,32.75,83.15,208.63,Varanasi,rabi,2233.11,rice
67.59,39.74,50.45,5.33,22.01,73.73,325.74,Patna,rabi,2834.07,rice
57.21,32.51,31.92,6.42,24.67,91.99,333.82,Lucknow,rabi,1959.73,rice
93.84,33.33,37.89,6.37,23.66,76.67,164.44,Bhopal,rabi,1965.25,rice
93.62,53.73,58.5,5.58,29.73,91.71,206.13,Pune,rabi,1961.77,rice
70.45,32.66,37.62,5.38,23.01,89.06,222.6,Bhopal,rabi,3289.1,rice
56.41,25.51,29.26,7.15,24.84,81.93,335.32,Ranchi,rabi,3363.51,rice
84.79,39.59,39.12,6.84,13.07,60.75,42.8,Varanasi,rabi,2492.65,wheat
70.52,50.69,45.24,6.7,22.6,63.51,116.06,Varanasi,rabi,2119.28,wheat
77.48,40.17,49.46,6.92,15.45,66.08,33.12,Nagpur,rabi,1878.02,wheat
74.89,51.84,30.9,6.22,27.3,45.4,39.77,Lucknow,rabi,2007.86,wheat
80.31,47.82,48.33,6.35,17.72,56.74,34.74,Lucknow,rabi,1982.8,wheat
77.82,32.22,34.43,6.35,19.48,53.72,44.09,Pune,rabi,2652.49,wheat
70.72,51.02,59.95,7.23,26.24,71.8,99.15,Lucknow,rabi,2245.3,wheat
82.55,35.34,42.28,6.59,14.72,46.83,25.79,Ranchi,rabi,2929.01,wheat
78.36,45.44,27.68,6.35,24.99,49.26,111.33,Ranchi,rabi,1796.08,wheat
64.18,50.85,45.69,7.38,27.73,54.41,60.34,Bhopal,rabi,2892.69,wheat
50.64,54.17,56.12,7.84,17.31,45.92,41.18,Varanasi,rabi,1726.0,wheat
69.94,29.05,47.74,7.35,22.92,42.59,64.68,Bhopal,rabi,2172.65,wheat
69.79,52.84,39.67,7.06,21.63,65.81,27.19,Bhopal,rabi,2321.96,wheat
81.87,39.81,38.73,7.92,19.21,46.33,41.69,Nagpur,rabi,1733.26,wheat
58.05,44.25,36.49,7.52,15.69,71.7,70.02,Lucknow,rabi,2658.53,wheat
70.56,50.8,57.32,6.41,20.46,69.15,50.32,Patna,rabi,2215.73,wheat
61.33,47.48,33.34,6.66,14.04,46.6,105.05,Nagpur,rabi,2224.8,wheat
73.46,25.55,37.57,7.29,21.77,67.18,101.05,Patna,rabi,2596.39,wheat
51.14,47.19,23.0,7.46,25.58,56.54,70.98,Nagpur,rabi,2037.1,wheat
77.41,36.34,41.22,7.19,12.35,58.03,54.48,Lucknow,rabi,2189.79,wheat
78.71,34.72,39.19,7.96,19.6,44.58,25.17,Patna,rabi,2923.58,wheat
49.96,32.15,49.88,6.26,24.91,72.79,80.65,Bhopal,rabi,2594.5,wheat
60.41,35.17,33.12,6.18,12.4,47.07,95.66,Varanasi,rabi,2987.13,wheat
55.61,36.78,37.0,7.76,16.33,71.28,62.6,Nagpur,rabi,2058.93,wheat
61.71,32.72,40.11,6.3,17.63,59.8,61.34,Ranchi,rabi,2753.48,wheat
55.54,52.89,24.61,7.13,23.54,42.06,79.79,Lucknow,rabi,2742.26,wheat
73.72,38.28,26.25,6.21,28.0,55.94,107.25,Patna,rabi,2275.33,wheat
75.87,36.37,43.5,7.93,20.35,71.84,99.37,Nagpur,rabi,1682.21,wheat
72.93,54.6,38.34,6.19,20.99,44.43,95.15,Nagpur,rabi,2310.75,wheat
57.99,40.65,37.25,7.2,26.37,74.83,27.87,Varanasi,rabi,2138.56,wheat
48.21,32.88,59.44,6.42,15.17,60.08,69.8,Patna,rabi,2412.61,wheat
78.07,29.16,37.14,7.38,25.89,52.94,76.77,Pune,rabi,1696.8,wheat
59.66,40.64,38.49,6.65,16.89,48.78,56.5,Ranchi,rabi,1809.92,wheat
84.65,32.73,27.58,6.25,20.88,60.88,99.23,Lucknow,rabi,2654.3,wheat
66.5,39.61,24.29,6.47,20.44,42.36,113.15,Bhopal,rabi,1773.38,wheat
68.41,44.72,48.81,7.28,24.64,61.87,73.75,Ranchi,rabi,2448.68,wheat
49.78,27.9,29.31,7.67,14.33,47.93,74.86,Nagpur,rabi,1901.18,wheat
69.81,44.18,47.62,6.03,27.33,60.5,98.15,Pune,rabi,2128.19,wheat
46.65,28.0,46.2,7.99,12.25,59.52,95.1,Lucknow,rabi,2757.48,wheat
69.8,45.9,54.36,6.24,26.82,40.91,103.62,Lucknow,rabi,1707.44,wheat
49.98,33.86,56.53,6.18,18.51,72.99,115.07,Ranchi,rabi,2175.68,wheat
77.23,51.85,22.8,7.15,19.48,61.5,64.73,Pune,rabi,2158.1,wheat
68.28,40.03,38.89,7.64,23.93,51.95,100.06,Bhopal,rabi,2795.11,wheat
80.03,54.61,54.99,6.33,25.11,41.13,59.33,Lucknow,rabi,2819.03,wheat
83.88,32.42,29.99,6.28,25.77,47.92,70.32,Bhopal,rabi,2987.22,wheat
62.38,52.7,31.51,7.36,12.86,73.46,118.08,Ranchi,rabi,2634.7,wheat
53.8,49.38,49.45,6.44,19.22,56.2,102.64,Patna,rabi,2557.38,wheat
70.99,33.11,34.87,6.09,24.59,55.15,63.82,Lucknow,rabi,1943.5,wheat
45.81,32.49,24.74,6.43,16.39,54.05,72.9,Varanasi,rabi,1601.39,wheat
66.8,32.75,66.91,6.07,32.96,63.27,130.83,Varanasi,rabi,3145.44,maize
77.36,38.47,41.43,7.06,26.91,57.27,118.84,Pune,rabi,2999.24,maize
76.03,25.59,66.88,6.71,30.29,72.89,139.4,Pune,rabi,2717.42,maize
54.43,24.23,58.79,6.33,31.34,76.67,137.75,Nagpur,rabi,1973.63,maize
67.68,28.85,64.73,6.47,24.69,64.34,65.47,Pune,rabi,2743.77,maize
50.65,48.99,61.71,7.1,31.04,81.74,87.25,Patna,rabi,2538.63,maize
60.69,28.21,30.13,6.99,29.71,76.63,84.28,Patna,rabi,1848.94,maize
71.87,47.73,64.37,7.45,30.75,83.76,105.17,Bhopal,rabi,1580.7,maize
75.3,26.47,55.3,6.29,22.09,55.68,86.53,Patna,rabi,2063.13,maize
57.62,27.4,49.38,6.03,28.33,83.04,99.75,Ranchi,rabi,3031.88,maize
50.17,36.2,67.17,6.26,25.37,56.08,48.08,Ranchi,rabi,1636.93,maize
72.2,24.63,31.94,7.48,29.42,82.3,168.34,Ranchi,rabi,2603.97,maize
55.86,42.94,40.97,5.82,22.21,61.57,78.39,Varanasi,rabi,2880.18,maize
88.85,37.48,37.19,6.68,18.56,78.14,54.2,Lucknow,rabi,2024.87,maize
51.72,24.22,56.33,5.93,25.16,61.85,71.93,Pune,rabi,1820.92,maize
71.33,31.07,29.74,7.0,18.5,59.65,53.19,Pune,rabi,1824.24,maize
75.14,33.79,29.06,6.58,23.29,75.22,121.06,Ranchi,rabi,2335.66,maize
88.65,43.18,47.36,6.66,18.4,82.99,84.68,Pune,rabi,1935.1,maize
74.67,30.17,27.88,7.13,19.53,52.99,83.57,Bhopal,rabi,1521.19,maize
78.31,44.44,52.19,7.32,24.1,79.71,110.91,Varanasi,rabi,1879.16,maize
63.61,45.01,32.09,5.99,25.54,73.52,151.37,Varanasi,rabi,2502.36,maize
77.12,40.67,39.31,6.42,26.78,70.88,84.06,Varanasi,rabi,2061.54,maize
50.41,47.63,45.47,7.52,22.3,80.32,169.13,Ranchi,rabi,2446.62,maize
86.29,46.58,61.56,6.73,21.78,67.71,54.11,Bhopal,rabi,2620.04,maize
67.29,45.15,65.91,7.48,26.46,65.48,138.73,Lucknow,rabi,2925.15,maize
78.0,42.99,55.44,7.14,21.13,67.44,122.36,Varanasi,rabi,1504.21,maize
50.03,40.06,57.32,6.82,25.45,78.35,135.39,Varanasi,rabi,1972.73,maize
56.18,30.5,65.0,6.78,31.29,57.88,86.2,Nagpur,rabi,2300.62,maize
89.91,25.2,63.34,7.35,26.3,62.04,112.69,Lucknow,rabi,1997.2,maize
62.89,32.84,61.9,6.26,29.18,52.58,147.2,Varanasi,rabi,2846.44,maize
78.9,47.62,61.03,6.5,25.26,77.28,80.96,Nagpur,rabi,2866.6,maize
85.33,28.83,50.83,7.03,18.91,55.36,86.38,Patna,rabi,2639.16,maize
79.37,46.29,59.13,7.59,29.32,79.83,156.53,Ranchi,rabi,2741.45,maize
60.94,22.44,34.3,6.36,20.67,50.71,62.04,Nagpur,rabi,2632.37,maize
87.43,44.35,50.55,6.05,26.46,52.16,100.32,Ranchi,rabi,2163.44,maize
61.19,41.2,62.84,7.18,27.42,68.84,44.35,Varanasi,rabi,2728.99,maize
60.83,31.18,67.1,6.92,25.14,71.73,97.92,Lucknow,rabi,2299.31,maize
88.36,36.23,57.95,7.07,21.54,59.92,99.36,Patna,rabi,1972.09,maize
65.64,38.91,34.9,7.25,24.56,74.72,51.4,Varanasi,rabi,2298.94,maize
58.15,25.12,30.39,7.6,24.18,50.07,173.41,Patna,rabi,1533.97,maize
78.7,47.61,57.08,6.63,32.62,51.38,178.16,Ranchi,rabi,2943.97,maize
55.34,27.38,31.45,7.26,28.57,68.56,92.41,Patna,rabi,2636.44,maize
76.07,24.45,44.85,6.85,21.51,63.02,50.06,Nagpur,rabi,1874.22,maize
89.62,49.9,69.08,6.56,19.21,61.33,73.28,Patna,rabi,1524.02,maize
71.93,29.02,45.37,5.96,28.82,57.76,67.07,Lucknow,rabi,2035.29,maize
71.85,25.47,42.67,6.36,30.7,63.26,155.02,Ranchi,rabi,2252.06,maize
56.25,34.62,41.63,6.29,28.94,60.84,115.62,Bhopal,rabi,3069.48,maize
74.68,24.05,33.02,5.98,29.47,79.26,66.1,Lucknow,rabi,1872.76,maize
80.71,29.5,51.53,7.36,22.77,66.92,173.15,Nagpur,rabi,2856.96,maize
67.1,36.29,47.92,5.84,25.55,79.96,139.3,Ranchi,rabi,2852.7,maize
71.16,22.94,42.23,6.65,21.83,51.09,136.66,Nagpur,rabi,2239.65,maize
60.0,37.06,44.71,6.65,26.71,50.22,167.08,Patna,rabi,1620.85,maize
58.29,36.67,37.61,7.35,23.95,72.36,74.84,Nagpur,rabi,1532.99,maize
71.46,34.87,68.29,7.07,32.94,60.33,150.47,Varanasi,rabi,2444.45,maize
89.43,40.31,65.45,7.11,19.91,74.48,107.8,Lucknow,rabi,3061.96,maize
79.85,43.03,33.55,5.91,24.73,57.09,137.9,Patna,rabi,2106.38,maize
54.54,37.89,33.35,7.02,19.07,84.16,135.83,Patna,rabi,1808.94,maize
81.32,45.19,46.43,6.72,28.77,59.22,159.63,Nagpur,rabi,1535.34,maize
88.25,29.81,68.16,7.4,22.25,78.59,136.02,Bhopal,rabi,2370.1,maize
82.62,44.21,59.06,7.6,25.18,78.24,160.75,Lucknow,rabi,1859.72,maize
82.38,33.28,45.02,6.86,26.0,74.08,106.05,Ranchi,rabi,2713.56,maize
67.46,21.44,36.23,7.25,24.51,66.91,134.46,Ranchi,rabi,2072.45,cotton
41.79,37.54,39.76,7.97,21.39,60.66,65.21,Varanasi,rabi,1315.11,cotton
68.68,42.71,45.16,6.34,31.8,62.46,52.11,Pune,rabi,2064.41,cotton
61.14,27.7,51.95,6.4,32.35,49.71,115.61,Pune,rabi,2117.21,cotton
37.09,38.05,37.53,6.57,32.63,61.04,31.54,Bhopal,rabi,1003.13,cotton
47.2,22.87,60.68,6.5,29.88,56.38,50.54,Nagpur,rabi,1193.35,cotton
54.57,32.98,31.01,7.85,35.6,64.6,102.65,Nagpur,rabi,1739.17,cotton
40.96,33.77,32.25,7.81,27.31,57.44,65.99,Pune,rabi,2357.1,cotton
69.63,21.82,48.31,6.11,21.44,74.69,84.28,Patna,rabi,1497.73,cotton
59.92,42.92,79.33,7.43,31.5,54.65,124.29,Patna,rabi,1304.92,cotton
52.86,31.83,40.77,8.06,30.58,71.99,42.02,Bhopal,rabi,1871.99,cotton
38.32,33.64,50.43,7.78,26.11,71.25,60.11,Lucknow,rabi,1220.52,cotton
66.03,44.39,52.22,6.75,26.6,49.02,62.66,Pune,rabi,1121.03,cotton
41.69,27.35,69.68,6.54,30.18,72.04,92.36,Bhopal,rabi,1271.31,cotton
58.61,31.68,37.43,6.98,29.15,53.02,97.37,Ranchi,rabi,1098.22,cotton
67.17,25.0,60.26,6.9,25.75,72.48,67.76,Ranchi,rabi,1331.35,cotton
54.3,42.95,57.24,6.91,35.84,46.96,132.53,Patna,rabi,1702.33,cotton
71.88,31.7,51.92,6.6,30.88,62.09,53.58,Varanasi,rabi,1993.18,cotton
50.89,18.12,52.33,6.01,22.12,57.92,39.01,Patna,rabi,1385.93,cotton
47.34,44.94,75.82,7.29,35.5,71.04,65.08,Ranchi,rabi,2049.43,cotton
68.71,38.47,51.84,6.46,21.69,58.88,119.63,Bhopal,rabi,2021.55,cotton
58.79,29.78,58.95,7.14,31.21,60.23,133.47,Patna,rabi,1599.24,cotton
51.09,22.83,50.7,7.73,34.63,62.81,62.93,Varanasi,rabi,1955.21,cotton
70.45,25.33,68.76,7.46,22.73,53.8,56.17,Ranchi,rabi,1619.54,cotton
52.34,24.6,64.79,7.29,28.79,61.63,54.41,Varanasi,rabi,1952.6,cotton
49.54,22.04,59.84,7.33,26.1,70.8,123.0,Lucknow,rabi,1152.68,cotton
70.18,21.29,64.12,6.48,22.81,58.97,72.61,Varanasi,rabi,2317.64,cotton
42.59,42.82,35.15,6.02,33.82,66.11,69.09,Nagpur,rabi,1833.7,cotton
37.22,22.55,38.06,6.66,23.17,72.66,86.42,Varanasi,rabi,1873.01,cotton
46.05,31.59,44.72,6.76,27.79,60.17,138.27,Patna,rabi,1312.65,cotton
40.98,27.45,65.87,6.38,29.72,57.5,35.67,Lucknow,rabi,2306.31,cotton
66.36,29.24,76.87,6.64,27.18,67.77,67.8,Patna,rabi,1510.1,cotton
68.02,30.16,38.24,6.63,28.65,70.1,48.89,Varanasi,rabi,1857.01,cotton
53.21,26.15,79.56,8.07,22.88,57.45,101.37,Bhopal,rabi,2026.89,cotton
64.85,21.35,46.59,7.58,30.39,70.12,35.15,Bhopal,rabi,1244.15,cotton
57.59,21.75,44.66,6.67,24.92,58.82,101.84,Nagpur,rabi,1713.15,cotton
51.92,29.52,39.7,7.43,29.78,49.65,127.42,Varanasi,rabi,1515.86,cotton
65.26,33.59,65.98,6.39,31.97,73.73,63.29,Lucknow,rabi,2380.63,cotton
42.99,21.03,69.25,7.22,25.61,63.25,66.53,Pune,rabi,1627.7,cotton
64.04,27.06,30.61,7.39,35.98,53.84,50.23,Patna,rabi,1394.47,cotton
45.04,27.37,61.91,6.76,26.94,46.2,130.97,Lucknow,rabi,1569.64,cotton
48.75,38.68,67.13,6.54,23.41,55.73,115.32,Ranchi,rabi,1973.09,cotton
68.18,25.48,46.98,6.09,34.03,62.47,62.79,Ranchi,rabi,1097.18,cotton
61.01,36.41,42.78,7.59,24.25,69.87,54.1,Nagpur,rabi,1975.39,cotton
74.13,30.52,51.69,6.91,25.68,54.77,105.66,Bhopal,rabi,1057.17,cotton
46.6,44.23,61.08,7.48,27.82,53.64,37.08,Patna,rabi,1490.32,cotton
52.07,39.36,59.23,6.02,29.55,64.01,130.68,Varanasi,rabi,1579.21,cotton
54.0,32.35,33.37,7.97,34.66,61.44,91.22,Pune,rabi,1080.58,cotton
52.17,37.14,32.36,7.56,25.3,64.55,98.98,Bhopal,rabi,1317.58,cotton
68.43,34.35,33.44,6.97,25.68,64.25,97.6,Pune,rabi,1014.56,cotton
64.39,38.76,32.95,6.67,27.32,50.39,76.28,Varanasi,rabi,1099.58,cotton
59.91,24.14,59.02,6.18,27.52,50.48,127.17,Patna,rabi,1622.86,cotton
49.42,25.8,40.15,8.01,32.99,49.0,112.14,Ranchi,rabi,1585.94,cotton
69.75,27.77,57.46,7.13,34.56,49.95,93.59,Varanasi,rabi,2056.2,cotton
69.7,28.07,38.67,7.28,27.31,45.46,37.68,Lucknow,rabi,1273.39,cotton
65.39,38.33,34.3,7.34,23.14,59.8,56.37,Ranchi,rabi,1074.43,cotton
105.36,56.38,56.79,6.83,30.87,77.81,150.3,Nagpur,rabi,3771.9,sugarcane
99.69,42.01,46.1,6.7,28.33,75.88,195.28,Bhopal,rabi,4302.3,sugarcane
104.07,55.42,69.29,6.58,24.74,83.84,76.77,Ranchi,rabi,3822.53,sugarcane
77.35,48.23,60.19,6.09,28.59,74.23,147.37,Ranchi,rabi,2688.21,sugarcane
62.14,45.12,87.25,6.97,24.41,75.63,214.14,Nagpur,rabi,4769.86,sugarcane
78.81,53.23,79.88,7.72,33.64,68.66,79.02,Varanasi,rabi,3922.93,sugarcane
82.8,34.98,36.13,7.99,34.4,82.37,105.53,Lucknow,rabi,3050.25,sugarcane
82.67,30.22,77.86,7.99,29.87,66.65,122.84,Ranchi,rabi,2740.19,sugarcane
100.41,65.47,69.93,6.81,25.01,67.04,113.19,Nagpur,rabi,4675.06,sugarcane
71.31,41.55,42.51,7.84,23.65,55.39,89.28,Lucknow,rabi,4527.19,sugarcane
91.29,44.31,38.78,7.71,25.49,55.99,151.63,Patna,rabi,2708.22,sugarcane
108.62,44.98,38.58,7.08,31.3,59.19,148.46,Patna,rabi,2994.42,sugarcane
73.06,68.08,57.64,7.53,28.03,58.95,198.1,Bhopal,rabi,2501.04,sugarcane
62.16,30.16,86.23,7.38,30.3,65.23,151.29,Bhopal,rabi,4728.94,sugarcane
90.12,48.41,54.01,7.4,35.75,67.74,122.75,Ranchi,rabi,3570.28,sugarcane
109.53,58.27,54.76,6.74,28.6,56.1,144.45,Ranchi,rabi,4528.45,sugarcane
69.92,59.12,74.57,6.53,31.1,73.33,194.37,Nagpur,rabi,2840.18,sugarcane
87.94,37.44,43.09,7.35,28.14,63.7,65.02,Lucknow,rabi,4615.13,sugarcane
82.23,38.64,66.08,6.29,29.63,58.4,137.69,Bhopal,rabi,3279.0,sugarcane
81.69,66.32,61.95,7.64,25.93,65.56,72.01,Pune,rabi,3551.87,sugarcane
101.92,32.99,79.06,6.07,23.36,68.84,95.41,Ranchi,rabi,3984.3,sugarcane
64.33,63.55,65.84,7.01,35.59,65.04,202.52,Ranchi,rabi,4299.22,sugarcane
90.02,39.24,55.82,7.73,24.43,72.93,89.49,Varanasi,rabi,4616.35,sugarcane
80.15,39.99,59.03,7.92,29.62,69.08,179.4,Ranchi,rabi,3447.62,sugarcane
76.85,36.04,74.26,7.75,34.77,81.42,132.29,Pune,rabi,3210.17,sugarcane
107.74,59.08,62.22,7.38,33.04,82.58,182.11,Varanasi,rabi,3582.98,sugarcane
70.59,30.72,76.72,6.87,35.31,71.03,85.2,Bhopal,rabi,3624.44,sugarcane
85.35,42.57,81.99,7.15,29.43,82.33,194.08,Nagpur,rabi,4532.0,sugarcane
109.59,52.74,41.33,6.09,33.27,67.71,99.49,Patna,rabi,3369.18,sugarcane
89.32,66.59,52.98,7.16,34.41,78.19,66.52,Pune,rabi,4856.98,sugarcane
68.58,34.92,67.29,7.01,32.66,81.77,99.47,Bhopal,rabi,4807.48,sugarcane
72.94,63.83,36.95,7.12,32.38,63.4,198.16,Ranchi,rabi,3100.71,sugarcane
65.91,67.77,59.1,7.38,30.48,70.05,158.65,Bhopal,rabi,4745.86,sugarcane
99.62,40.52,41.71,7.4,33.32,66.58,63.79,Nagpur,rabi,4545.64,sugarcane
66.16,58.87,65.62,6.47,31.1,84.38,79.58,Ranchi,rabi,3646.21,sugarcane
68.34,51.26,68.33,6.31,25.01,80.69,109.82,Varanasi,rabi,4075.83,sugarcane
101.96,59.6,81.23,7.25,28.84,66.81,120.64,Patna,rabi,3545.98,sugarcane
63.03,30.34,40.22,6.2,30.94,70.78,132.87,Patna,rabi,4229.8,sugarcane
77.75,58.92,55.94,6.77,31.02,56.83,164.86,Patna,rabi,3762.43,sugarcane
95.96,60.33,81.54,6.75,27.25,76.43,153.09,Patna,rabi,4079.5,sugarcane
98.63,37.6,65.56,6.32,28.29,74.92,138.89,Pune,rabi,3448.98,sugarcane
61.67,52.97,65.71,6.03,34.2,73.6,179.15,Lucknow,rabi,3734.8,sugarcane
72.87,68.95,57.04,6.32,23.73,74.09,217.34,Nagpur,rabi,4739.49,sugarcane
96.99,59.99,83.72,6.7,31.5,63.41,155.13,Nagpur,rabi,4377.94,sugarcane
78.24,66.36,54.62,6.35,30.49,66.88,75.34,Varanasi,rabi,3912.11,sugarcane
68.66,53.91,66.2,7.55,27.7,62.46,212.2,Pune,rabi,3903.04,sugarcane
99.84,63.53,75.42,6.78,34.23,77.26,178.9,Pune,rabi,4753.94,sugarcane
86.43,65.61,60.0,7.62,23.7,55.04,144.53,Bhopal,rabi,2684.03,sugarcane
79.96,30.27,87.55,7.74,26.78,84.93,110.74,Lucknow,rabi,3647.11,sugarcane
98.19,59.13,68.05,7.12,32.55,84.98,152.57,Pune,rabi,4521.79,sugarcane
77.92,30.23,41.35,7.95,34.99,64.75,101.42,Pune,rabi,3591.04,sugarcane
72.56,50.05,51.38,5.39,34.68,88.55,300.79,Patna,zaid,2004.98,rice
80.27,46.53,35.95,7.14,33.61,89.02,164.77,Varanasi,zaid,2546.75,rice
61.17,43.91,53.51,7.14,26.24,78.0,228.0,Bhopal,kharif,2103.15,rice
74.03,27.94,50.14,6.07,32.82,86.91,191.84,Bhopal,kharif,3131.62,rice
70.5,30.09,50.71,5.48,24.6,68.2,300.99,Bhopal,zaid,2863.76,rice
86.23,36.06,45.59,5.48,23.49,86.05,228.35,Bhopal,zaid,2704.38,rice
80.39,39.38,45.16,5.81,22.4,79.79,169.35,Patna,zaid,2453.65,rice
64.36,22.04,32.66,5.79,30.6,83.04,300.3,Varanasi,zaid,2862.9,rice
82.85,35.62,37.15,5.8,30.19,77.77,140.16,Varanasi,kharif,1988.81,rice
91.34,44.49,31.96,7.14,32.12,87.36,223.35,Lucknow,zaid,2235.59,rice
91.1,35.95,29.11,5.81,29.53,72.77,317.02,Patna,kharif,3013.63,rice
72.28,41.96,46.28,6.5,23.1,79.23,129.57,Bhopal,zaid,2590.39,rice
60.78,23.62,46.44,5.54,34.03,83.69,199.78,Pune,kharif,2745.46,rice
93.34,36.88,55.22,5.37,28.33,81.25,335.7,Lucknow,kharif,2714.76,rice
56.5,39.42,36.69,6.86,32.51,76.56,339.17,Varanasi,kharif,2265.47,rice
90.74,38.16,34.22,6.74,30.6,78.09,141.73,Ranchi,zaid,2994.86,rice
92.47,28.43,25.52,6.86,23.99,72.84,257.86,Lucknow,kharif,3199.3,rice
67.41,47.21,63.73,6.2,23.87,68.38,172.82,Patna,kharif,2010.92,rice
59.87,37.72,51.24,6.36,24.6,89.71,284.54,Patna,zaid,2982.37,rice
59.95,52.46,37.89,5.8,28.35,85.9,339.79,Ranchi,kharif,2258.31,rice
55.99,39.43,48.53,5.41,23.82,79.32,342.23,Varanasi,zaid,2753.67,rice
87.17,36.36,55.31,5.24,23.42,90.39,303.27,Pune,zaid,2172.23,rice
67.41,25.04,61.44,5.53,25.7,72.15,146.56,Pune,zaid,1833.84,rice
61.99,21.87,46.6,6.56,27.12,76.59,236.04,Nagpur,kharif,3200.01,rice
56.74,26.35,30.65,5.7,29.43,79.24,131.33,Ranchi,zaid,2397.78,rice
86.18,42.49,55.05,5.47,28.97,81.88,317.24,Lucknow,zaid,2540.48,rice
70.18,44.0,33.36,7.1,33.91,80.98,195.52,Ranchi,kharif,2656.7,rice
81.1,48.15,43.97,6.47,25.75,87.84,166.55,Varanasi,zaid,2911.68,rice
60.28,41.5,24.28,6.65,23.1,93.27,151.6,Bhopal,zaid,3334.21,rice
78.75,47.39,55.78,7.09,25.29,83.93,141.86,Pune,zaid,2785.87,rice
77.6,40.04,40.97,6.25,31.93,89.58,233.2,Pune,kharif,2759.35,rice
59.79,24.1,23.95,6.52,27.44,88.91,274.38,Patna,zaid,2333.82,rice
85.5,29.47,36.39,5.83,24.05,71.99,335.31,Ranchi,zaid,2500.65,rice
59.74,49.77,48.67,5.44,29.65,86.52,122.83,Ranchi,zaid,2526.91,rice
66.81,36.05,39.9,5.8,33.94,89.09,145.44,Ranchi,zaid,3395.26,rice
66.36,49.29,24.79,7.2,30.65,85.55,140.8,Patna,zaid,3235.25,rice
64.63,25.01,54.95,5.6,33.84,85.72,128.32,Varanasi,kharif,1808.69,rice
79.24,48.05,30.73,6.9,22.74,89.63,333.39,Pune,kharif,3035.37,rice
88.52,21.41,29.08,5.45,28.56,88.12,264.9,Ranchi,zaid,3161.81,rice
84.38,26.76,32.18,6.62,34.74,84.51,132.54,Bhopal,kharif,2786.09,rice
90.37,44.84,27.79,5.38,24.39,94.46,225.47,Patna,kharif,3054.53,rice
75.33,34.14,41.34,5.44,23.74,75.51,190.08,Pune,kharif,2484.65,rice
68.37,26.05,34.13,6.69,22.19,90.33,317.01,Patna,kharif,2395.62,rice
79.03,24.19,36.42,7.12,34.94,88.85,191.52,Nagpur,kharif,2900.26,rice
70.51,42.43,20.48,5.62,28.83,72.42,158.16,Pune,zaid,3138.09,rice
77.24,49.37,64.56,5.48,27.83,78.6,138.41,Varanasi,zaid,3008.53,rice
69.66,38.88,35.23,6.89,28.27,88.75,315.96,Nagpur,kharif,2607.67,rice
78.48,49.76,35.33,6.2,28.91,70.83,211.67,Bhopal,zaid,3267.74,rice
66.12,44.61,48.52,7.16,30.06,80.89,295.13,Bhopal,kharif,3245.32,rice
93.53,47.37,59.01,5.43,31.52,79.88,247.21,Bhopal,zaid,2846.56,rice
94.38,30.09,53.02,6.7,26.5,71.34,129.42,Lucknow,zaid,3043.75,rice
87.9,21.29,36.77,5.3,23.42,86.23,284.05,Pune,zaid,3037.95,rice
84.58,48.03,22.2,5.67,30.08,91.17,121.04,Patna,zaid,2623.41,rice
56.18,34.05,60.3,6.54,25.09,91.03,200.05,Pune,zaid,3165.35,rice
78.61,33.89,32.37,6.97,24.44,70.29,198.64,Varanasi,kharif,2948.22,rice
94.95,30.37,38.36,5.47,29.47,94.93,281.2,Lucknow,zaid,2752.34,rice
91.36,38.53,53.4,6.38,30.49,76.08,175.52,Bhopal,kharif,2315.99,rice
89.97,29.91,45.27,6.78,32.19,79.84,229.54,Pune,kharif,3391.52,rice
87.59,51.59,55.44,5.57,29.31,70.75,270.17,Nagpur,zaid,3328.56,rice
92.22,21.7,40.73,6.62,23.96,69.28,151.79,Ranchi,kharif,3270.12,rice
62.53,21.09,24.98,6.44,25.14,83.37,255.74,Patna,kharif,3159.1,rice
89.13,41.67,27.32,6.75,33.12,74.87,331.32,Bhopal,kharif,2527.13,rice
58.12,21.04,35.59,5.24,24.15,87.58,282.86,Nagpur,kharif,2981.73,rice
90.6,40.78,25.67,5.49,31.01,72.67,236.68,Ranchi,kharif,3386.84,rice
55.66,54.76,46.31,5.45,33.66,91.77,243.33,Pune,kharif,2794.87,rice
57.02,40.81,33.26,6.53,32.87,68.49,257.01,Pune,kharif,2170.05,rice
65.15,41.38,44.91,5.99,30.81,87.6,250.4,Ranchi,zaid,3013.48,rice
71.77,38.01,20.56,6.79,28.76,79.01,141.64,Ranchi,zaid,3223.45,rice
91.16,50.3,55.91,5.4,24.66,88.08,125.32,Bhopal,kharif,3366.76,rice
73.71,26.89,36.97,5.99,23.7,72.4,277.45,Nagpur,zaid,2343.16,rice
64.74,23.46,53.91,6.96,25.62,73.46,162.73,Patna,zaid,2635.22,rice
85.59,50.68,60.57,7.17,34.77,93.73,136.52,Patna,kharif,2020.47,rice
77.12,23.39,58.06,6.43,29.05,72.46,178.25,Varanasi,kharif,2056.5,rice
78.37,45.73,33.32,5.94,27.26,88.52,297.64,Patna,zaid,2130.9,rice
59.83,51.36,24.52,5.73,33.0,72.85,215.12,Nagpur,zaid,2519.77,rice
83.41,49.8,59.36,5.88,28.9,74.71,176.3,Pune,kharif,2058.01,rice
90.52,47.21,43.29,6.18,28.89,82.49,219.95,Patna,zaid,2010.81,rice
93.09,36.87,62.89,5.53,29.21,73.61,178.23,Lucknow,kharif,1848.09,rice
91.67,31.25,47.37,6.13,27.21,82.36,163.06,Lucknow,kharif,3381.77,rice
84.66,36.41,26.88,7.04,26.44,69.35,198.75,Patna,zaid,3071.13,rice
57.48,36.04,25.81,5.5,30.22,78.61,332.03,Pune,kharif,2310.65,rice
73.44,43.1,46.99,6.15,34.35,77.25,160.76,Lucknow,zaid,2884.95,rice
56.61,35.74,60.16,6.7,34.89,82.35,271.8,Varanasi,zaid,2283.97,rice
69.65,45.85,38.14,6.32,31.36,81.74,328.63,Lucknow,zaid,2470.88,rice
68.06,26.92,55.02,6.92,25.21,86.03,149.75,Lucknow,kharif,2240.24,rice
66.34,43.62,60.96,5.61,29.05,86.94,339.17,Ranchi,kharif,2776.1,rice
80.02,31.22,63.93,6.0,30.91,68.63,212.01,Ranchi,kharif,3200.17,rice
91.51,52.34,57.95,7.16,31.68,88.65,295.4,Ranchi,kharif,2568.97,rice
61.71,20.26,35.13,6.8,32.91,71.73,298.1,Lucknow,zaid,1985.13,rice
86.63,29.47,59.82,6.53,23.45,90.48,160.56,Varanasi,kharif,2477.59,rice
67.73,36.14,39.11,5.3,30.74,77.54,301.12,Patna,zaid,3131.39,rice
71.67,31.25,53.7,6.8,28.39,92.11,153.1,Varanasi,zaid,3206.51,rice
61.14,38.68,23.04,5.31,22.01,79.78,298.16,Varanasi,kharif,1855.74,rice
85.06,24.16,23.87,5.55,24.28,90.22,211.66,Nagpur,kharif,3384.62,rice
81.14,35.71,37.68,6.95,34.68,91.57,164.23,Ranchi,kharif,2153.28,rice
90.61,36.45,41.42,7.07,22.77,73.81,254.73,Ranchi,kharif,2112.78,rice
63.56,23.47,29.31,6.05,24.29,71.64,317.86,Lucknow,zaid,2312.64,rice
59.61,41.68,25.49,6.9,31.81,90.13,240.99,Ranchi,kharif,3394.68,rice
71.05,31.34,62.69,6.35,32.48,72.6,345.09,Bhopal,kharif,2597.82,rice
78.57,32.55,38.39,6.06,30.23,93.02,334.54,Ranchi,zaid,2426.39,rice
73.04,39.88,40.78,6.52,29.21,76.66,199.52,Ranchi,kharif,2405.75,rice
61.64,45.31,37.51,5.63,29.31,88.4,179.21,Bhopal,kharif,3122.86,rice
78.9,43.41,22.37,7.09,27.1,92.95,253.16,Varanasi,zaid,1807.39,rice
82.22,39.69,21.19,6.69,33.08,81.4,227.12,Nagpur,kharif,1808.76,rice
68.23,50.76,36.79,6.33,25.51,72.34,298.23,Bhopal,zaid,2594.54,rice
74.27,39.75,64.2,6.41,27.52,77.99,216.05,Lucknow,zaid,1989.44,rice
88.51,29.95,33.67,6.95,22.31,82.05,226.65,Varanasi,zaid,2904.2,rice
81.73,33.19,47.84,5.28,28.0,82.1,169.3,Nagpur,kharif,2023.4,rice
68.77,23.39,62.63,6.01,32.52,94.31,138.57,Nagpur,kharif,2842.67,rice
80.37,35.02,39.4,5.27,28.95,94.83,340.5,Varanasi,zaid,1864.64,rice
67.07,51.6,22.03,7.07,32.89,71.17,133.76,Pune,zaid,3135.53,rice
76.4,52.05,45.54,5.99,27.79,69.7,342.81,Varanasi,kharif,2297.05,rice
66.44,53.75,24.24,6.93,31.2,90.41,344.46,Ranchi,kharif,3147.45,rice
60.08,47.85,44.56,6.29,33.69,94.24,282.11,Lucknow,zaid,2572.7,rice
46.96,29.61,22.53,6.39,21.1,71.94,73.72,Patna,kharif,2476.39,wheat
77.02,43.53,54.57,7.9,17.57,43.17,42.59,Ranchi,kharif,2212.98,wheat
60.13,48.12,41.62,6.37,17.13,62.86,87.29,Nagpur,zaid,2208.66,wheat
73.88,30.07,57.47,6.38,13.72,57.42,71.95,Ranchi,kharif,2311.47,wheat
84.26,39.07,55.87,6.95,12.97,68.78,84.82,Nagpur,kharif,2694.46,wheat
50.09,41.51,48.2,6.14,19.7,67.38,94.8,Pune,kharif,2741.1,wheat
55.91,28.93,37.55,6.61,17.91,48.26,96.32,Pune,kharif,2902.0,wheat
45.63,39.32,39.77,6.81,21.09,59.33,103.66,Ranchi,kharif,1752.12,wheat
76.72,50.44,59.79,7.75,26.24,51.0,60.17,Nagpur,kharif,1975.32,wheat
77.58,32.06,31.05,7.93,16.23,55.05,63.25,Lucknow,zaid,1954.25,wheat
75.87,36.35,53.41,6.43,12.07,59.99,119.41,Ranchi,zaid,1654.1,wheat
65.76,49.3,23.56,6.79,23.95,53.0,38.88,Pune,kharif,1873.69,wheat
74.19,47.64,23.91,6.94,15.21,46.49,66.38,Patna,kharif,2005.2,wheat
81.3,49.08,30.64,6.55,16.08,44.73,114.38,Pune,zaid,2162.87,wheat
78.87,36.98,21.4,6.32,22.23,67.4,41.09,Varanasi,kharif,2884.35,wheat
78.94,31.83,22.02,7.73,16.89,61.66,96.0,Nagpur,zaid,1779.61,wheat
82.54,46.85,37.65,7.75,20.44,66.07,102.05,Patna,zaid,2649.09,wheat
49.71,32.15,40.11,7.01,21.32,53.83,98.69,Nagpur,kharif,2878.42,wheat
74.46,45.34,40.92,6.38,24.72,73.62,92.18,Ranchi,kharif,2885.0,wheat
59.08,44.15,38.96,7.97,13.5,54.43,107.55,Pune,zaid,1997.67,wheat
60.31,54.4,55.34,6.6,24.32,51.79,80.64,Bhopal,zaid,2521.87,wheat
45.98,31.6,48.48,7.13,19.93,41.93,54.83,Varanasi,zaid,2811.14,wheat
60.86,53.35,22.04,7.5,16.12,70.33,94.61,Ranchi,kharif,2839.99,wheat
66.25,48.38,29.83,6.46,12.43,73.55,91.0,Lucknow,kharif,2489.78,wheat
66.26,39.28,37.98,7.28,15.22,71.08,101.18,Lucknow,zaid,2089.39,wheat
47.85,54.69,22.96,6.27,25.24,60.31,97.44,Pune,kharif,2483.28,wheat
70.54,40.66,48.51,6.89,17.54,56.37,36.97,Lucknow,zaid,2715.2,wheat
51.14,32.39,53.68,6.66,22.98,69.97,27.77,Ranchi,kharif,2671.03,wheat
53.66,45.67,56.39,6.59,21.1,50.14,75.43,Pune,kharif,2470.61,wheat
53.89,38.23,49.72,6.47,25.28,59.1,96.04,Bhopal,kharif,2261.58,wheat
62.28,48.08,49.34,6.06,21.12,45.4,114.11,Nagpur,kharif,1834.31,wheat
84.95,31.72,31.48,6.5,16.21,60.39,119.35,Bhopal,zaid,2986.39,wheat
84.4,52.18,51.94,6.54,17.13,59.15,76.08,Pune,zaid,2307.7,wheat
75.37,41.62,20.85,6.63,14.83,62.96,47.5,Patna,kharif,1690.93,wheat
68.27,25.65,53.95,6.31,21.71,55.56,64.29,Patna,kharif,1700.52,wheat
80.72,25.33,27.14,7.81,20.79,45.25,40.28,Bhopal,zaid,2523.98,wheat
68.98,53.59,39.76,6.6,19.64,52.59,42.44,Patna,zaid,1664.35,wheat
64.0,43.1,29.82,6.09,15.58,55.92,61.39,Patna,kharif,1847.33,wheat
82.03,31.04,57.18,6.04,26.8,73.32,21.21,Patna,zaid,2668.23,wheat
81.24,54.12,42.01,6.16,25.6,61.48,81.47,Ranchi,zaid,2184.16,wheat
74.32,36.07,26.99,6.44,19.42,72.99,93.41,Varanasi,zaid,1901.34,wheat
60.13,50.55,29.67,7.24,26.83,49.03,89.29,Varanasi,zaid,2982.24,wheat
48.54,45.23,33.59,6.14,19.6,66.38,48.51,Bhopal,kharif,2069.07,wheat
65.8,50.28,37.86,7.91,22.41,44.06,108.51,Patna,zaid,2284.97,wheat
51.11,45.63,21.89,6.57,14.24,55.44,61.44,Pune,kharif,2330.63,wheat
46.28,43.43,34.95,7.3,13.74,40.48,44.83,Pune,kharif,2239.17,wheat
76.31,53.27,20.89,7.2,24.22,49.97,98.76,Ranchi,kharif,2485.3,wheat
84.24,26.27,37.8,7.09,14.35,51.77,118.76,Pune,zaid,1622.72,wheat
65.16,27.72,36.95,7.86,20.04,73.99,45.88,Varanasi,kharif,2306.36,wheat
62.93,33.38,54.22,6.78,20.49,74.18,38.65,Ranchi,zaid,2021.96,wheat
60.67,31.01,47.2,6.36,22.8,49.22,55.52,Pune,kharif,2088.4,wheat
63.66,35.84,54.1,7.14,15.42,71.5,54.27,Lucknow,zaid,1654.57,wheat
84.71,35.25,26.51,7.04,20.53,46.23,81.31,Lucknow,zaid,1619.77,wheat
55.58,26.19,24.33,6.48,16.38,41.15,47.94,Patna,zaid,1870.12,wheat
65.17,40.95,32.58,7.55,24.24,69.55,109.55,Lucknow,zaid,2208.09,wheat
77.26,34.25,57.17,6.19,27.91,66.95,29.33,Patna,zaid,2518.72,wheat
75.81,48.98,44.1,7.71,13.57,49.66,61.42,Patna,kharif,1659.44,wheat
83.79,48.54,58.7,7.68,14.27,58.43,37.0,Varanasi,kharif,2745.52,wheat
65.49,32.76,46.52,6.24,26.99,71.32,38.6,Patna,kharif,2052.57,wheat
48.51,28.42,57.19,7.89,17.04,52.43,65.25,Ranchi,zaid,2182.63,wheat
80.94,32.6,48.21,6.13,12.62,62.88,53.9,Lucknow,kharif,2517.64,wheat
82.99,47.46,55.05,6.27,17.12,52.89,73.72,Bhopal,kharif,2015.62,wheat
59.76,32.64,35.44,6.39,16.19,61.94,58.82,Ranchi,kharif,2083.54,wheat
79.77,43.87,44.5,7.51,25.48,70.42,23.64,Patna,zaid,2378.67,wheat
79.41,44.45,36.81,6.38,17.42,64.63,40.44,Nagpur,kharif,1731.02,wheat
75.57,30.99,31.69,7.94,23.33,61.37,50.76,Bhopal,zaid,2018.78,wheat
74.14,26.3,20.19,7.46,27.18,66.48,67.16,Nagpur,kharif,2280.46,wheat
59.08,33.62,26.98,7.53,19.94,72.17,23.26,Patna,kharif,1693.77,wheat
47.77,46.84,31.52,7.45,13.06,70.19,103.55,Lucknow,kharif,1724.5,wheat
47.25,50.61,29.39,7.1,18.82,67.84,68.89,Lucknow,kharif,2300.93,wheat
51.01,49.92,22.07,6.96,26.18,63.28,88.52,Varanasi,zaid,1968.64,wheat
69.08,29.01,47.75,7.7,15.8,45.27,20.86,Ranchi,zaid,1666.15,wheat
84.49,26.35,49.92,6.14,21.47,66.46,55.92,Lucknow,zaid,1615.31,wheat
77.23,32.42,42.24,6.59,17.28,72.62,88.19,Bhopal,zaid,2964.43,wheat
75.61,27.91,56.01,7.45,13.1,64.21,83.16,Patna,kharif,2660.29,wheat
73.73,42.59,32.9,7.39,27.31,60.56,86.43,Patna,zaid,2211.98,wheat
84.91,29.81,28.1,7.08,19.7,60.0,24.91,Nagpur,zaid,2165.99,wheat
55.93,40.82,54.92,7.36,13.45,60.73,42.17,Ranchi,kharif,2627.62,wheat
68.74,42.74,33.54,6.89,25.83,65.32,71.98,Varanasi,zaid,2115.53,wheat
50.72,30.79,34.94,7.89,20.08,48.22,30.58,Lucknow,kharif,2073.63,wheat
60.33,48.18,52.11,6.22,21.74,73.57,60.21,Patna,zaid,1671.32,wheat
80.35,40.66,42.09,6.42,25.11,57.45,23.39,Varanasi,zaid,2556.22,wheat
78.17,33.32,22.13,7.88,26.99,58.63,84.23,Ranchi,zaid,2247.64,wheat
67.53,36.04,45.05,7.82,14.42,71.97,110.25,Lucknow,kharif,2760.72,wheat
65.39,40.22,37.48,6.68,16.0,58.46,57.53,Lucknow,kharif,2957.9,wheat
57.79,33.82,41.73,7.0,22.3,73.25,48.52,Bhopal,kharif,2569.88,wheat
55.5,38.91,21.24,7.24,22.85,66.14,71.66,Varanasi,kharif,2445.52,wheat
45.16,38.36,33.37,6.33,19.22,54.08,96.77,Ranchi,kharif,2850.38,wheat
63.27,47.6,21.26,6.29,21.83,48.14,86.61,Ranchi,zaid,2091.71,wheat
77.77,39.79,50.92,6.54,19.91,46.91,106.09,Lucknow,zaid,2752.29,wheat
80.1,53.79,29.13,7.86,21.14,54.79,76.04,Varanasi,zaid,2079.64,wheat
54.65,27.47,39.86,7.78,22.08,58.23,62.86,Patna,kharif,2250.16,wheat
77.92,30.95,48.66,7.52,21.2,70.2,49.11,Nagpur,kharif,2834.26,wheat
76.95,44.94,53.85,7.99,18.72,68.49,94.46,Lucknow,zaid,2234.02,wheat
60.78,41.96,24.24,6.45,25.45,53.88,59.41,Varanasi,zaid,1944.37,wheat
68.31,33.56,49.57,6.48,22.74,48.93,71.11,Pune,kharif,2928.11,wheat
66.31,36.64,52.49,7.42,19.49,71.24,42.99,Ranchi,zaid,1838.55,wheat
67.26,40.37,52.3,6.71,18.57,45.88,94.08,Lucknow,kharif,2698.59,wheat
60.74,51.79,20.11,6.6,20.88,51.69,47.2,Lucknow,kharif,2244.05,wheat
66.19,46.2,43.01,6.19,25.51,46.12,96.48,Ranchi,kharif,2104.79,wheat
53.25,30.6,39.88,6.07,15.6,65.34,103.74,Bhopal,zaid,1713.1,wheat
76.9,51.09,47.94,7.35,20.4,62.85,111.91,Bhopal,zaid,1740.73,wheat
47.9,53.34,37.81,7.35,25.46,74.69,36.18,Nagpur,kharif,2719.32,wheat
46.96,47.62,34.19,7.3,20.22,49.09,33.52,Pune,zaid,1763.73,wheat
70.51,35.54,28.67,7.38,22.99,58.87,113.5,Ranchi,kharif,2139.58,wheat
48.01,47.19,59.54,7.69,21.27,61.94,55.33,Bhopal,zaid,2551.28,wheat
84.93,39.77,22.45,7.19,13.9,48.57,52.88,Ranchi,zaid,2623.44,wheat
51.63,26.35,54.93,7.39,12.64,40.99,75.87,Ranchi,kharif,1995.55,wheat
68.51,31.98,22.57,7.54,18.02,53.31,63.13,Ranchi,kharif,2741.06,wheat
75.32,53.19,46.43,6.86,23.96,56.03,61.44,Lucknow,kharif,2335.4,wheat
49.17,37.45,24.95,6.82,20.91,72.57,23.62,Pune,kharif,2470.04,wheat
53.74,37.39,39.81,6.79,21.33,50.85,171.79,Patna,kharif,1684.12,maize
55.86,49.48,52.79,6.9,32.8,53.1,176.43,Nagpur,kharif,1846.82,maize
86.91,37.9,56.7,6.07,26.0,73.57,103.87,Nagpur,kharif,1763.47,maize
84.18,22.97,56.9,7.6,18.11,55.64,134.38,Ranchi,kharif,1601.98,maize
68.87,31.0,28.86,6.24,18.17,84.53,71.15,Varanasi,zaid,2885.29,maize
61.34,33.71,39.6,7.24,32.37,80.64,61.5,Varanasi,kharif,2820.37,maize
86.54,36.5,40.14,6.08,18.18,58.68,167.96,Pune,kharif,2855.35,maize
54.03,38.58,36.57,6.78,22.81,59.92,120.34,Nagpur,zaid,1811.64,maize
74.54,29.79,29.48,6.89,19.0,58.45,48.5,Nagpur,zaid,2433.11,maize
74.42,44.14,61.98,6.36,26.23,69.71,106.2,Varanasi,kharif,2613.69,maize
89.17,24.75,62.31,6.87,21.67,76.1,51.83,Patna,kharif,2816.51,maize
87.93,24.56,39.68,6.22,23.9,75.98,106.39,Varanasi,zaid,2470.24,maize
55.65,29.47,63.69,6.88,23.67,77.65,49.02,Pune,kharif,1931.61,maize
89.41,41.77,52.8,5.81,20.76,72.24,93.16,Lucknow,kharif,3071.28,maize
67.9,42.99,68.89,6.63,27.64,82.15,74.81,Nagpur,zaid,3007.15,maize
75.94,43.92,52.66,6.69,27.26,55.31,70.18,Bhopal,kharif,1958.83,maize
65.61,29.22,32.65,7.52,20.93,83.58,146.52,Pune,kharif,2589.61,maize
63.26,40.1,33.4,7.49,22.53,58.93,139.56,Patna,zaid,2615.96,maize
51.72,42.2,59.25,7.32,18.85,77.19,92.72,Bhopal,kharif,2015.67,maize
89.84,23.78,62.22,6.95,29.03,74.91,160.18,Nagpur,kharif,1812.45,maize
73.94,31.91,30.57,6.14,22.98,52.46,47.97,Lucknow,kharif,3057.24,maize
89.29,49.0,31.42,7.09,27.01,74.17,53.47,Bhopal,kharif,1820.55,maize
74.17,49.62,55.24,7.08,32.77,73.73,45.63,Bhopal,kharif,2973.91,maize
84.56,26.01,37.97,6.15,18.4,69.37,137.99,Varanasi,zaid,2601.39,maize
66.67,22.1,27.82,6.0,19.43,62.31,138.18,Bhopal,zaid,2844.1,maize
77.82,25.89,61.35,7.02,20.92,72.68,107.69,Patna,zaid,2246.9,maize
70.73,24.8,32.39,6.04,32.31,59.97,89.73,Pune,kharif,2047.54,maize
72.52,47.74,38.5,6.01,26.34,62.09,152.27,Nagpur,zaid,2995.02,maize
88.06,25.93,68.19,6.87,27.62,74.85,138.58,Varanasi,zaid,2893.68,maize
78.75,23.33,27.78,5.85,26.99,52.5,170.67,Varanasi,zaid,3092.74,maize
61.0,22.73,35.92,6.46,23.27,68.36,163.64,Patna,zaid,1996.97,maize
65.71,22.92,30.22,5.87,22.93,67.34,89.88,Varanasi,zaid,2453.02,maize
75.9,25.78,44.85,7.41,18.54,79.93,62.84,Nagpur,zaid,2362.32,maize
77.41,37.37,67.5,6.59,22.03,54.84,137.81,Bhopal,kharif,3155.99,maize
79.62,47.95,28.37,6.0,28.38,72.68,49.64,Nagpur,kharif,2918.52,maize
70.45,23.52,38.48,6.22,27.3,77.54,48.02,Varanasi,kharif,2945.48,maize
63.69,40.45,43.12,6.08,25.93,53.02,162.99,Pune,zaid,3071.29,maize
72.5,37.61,69.31,6.25,19.14,69.67,86.03,Lucknow,zaid,2047.98,maize
73.85,29.39,33.45,5.87,23.47,80.76,87.13,Bhopal,kharif,2654.43,maize
63.12,45.01,56.13,6.81,18.01,51.23,178.72,Nagpur,zaid,2829.88,maize
86.09,22.57,60.63,6.61,29.84,50.24,80.35,Lucknow,zaid,2777.25,maize
74.79,30.44,38.97,7.54,24.59,65.65,117.33,Patna,zaid,2196.15,maize
74.4,25.62,61.74,7.09,29.37,63.72,159.59,Varanasi,zaid,2203.85,maize
78.29,49.66,68.71,7.45,29.33,71.33,64.1,Bhopal,zaid,2423.7,maize
70.83,46.31,29.93,6.49,25.59,65.13,55.2,Ranchi,zaid,1761.0,maize
69.38,23.36,25.74,6.65,20.47,74.68,151.35,Lucknow,zaid,1888.1,maize
69.93,47.92,53.02,6.73,28.67,67.64,166.63,Patna,zaid,1813.56,maize
82.49,46.1,46.73,7.31,22.6,76.67,59.66,Lucknow,zaid,2021.99,maize
82.24,24.43,27.0,7.6,31.04,80.9,173.18,Patna,kharif,2245.14,maize
55.2,36.03,34.9,7.48,18.06,55.01,74.51,Nagpur,kharif,1838.23,maize
76.24,31.17,52.68,7.4,27.04,74.31,91.17,Pune,kharif,1771.56,maize
88.57,39.41,37.49,6.61,30.53,73.4,118.49,Ranchi,kharif,3004.78,maize
75.71,27.31,29.79,7.54,26.98,64.55,122.46,Pune,zaid,1605.08,maize
58.67,44.53,49.05,6.3,18.45,78.55,64.7,Bhopal,zaid,1588.07,maize
64.0,32.9,36.12,7.35,22.46,57.36,83.29,Nagpur,zaid,1845.35,maize
53.32,26.44,43.77,7.38,18.86,57.44,167.17,Ranchi,kharif,3013.02,maize
59.62,33.75,34.5,6.03,23.7,70.15,90.39,Pune,zaid,2538.4,maize
63.83,44.14,64.52,6.38,26.57,59.74,47.47,Ranchi,kharif,2754.36,maize
67.03,35.64,33.3,5.97,23.22,83.33,126.12,Patna,kharif,2148.4,maize
74.01,24.58,49.41,7.15,24.35,60.48,46.63,Nagpur,kharif,1542.12,maize
87.39,35.31,53.72,6.73,30.77,65.1,154.76,Lucknow,zaid,2858.9,maize
59.96,41.87,59.06,7.49,31.6,70.07,121.08,Ranchi,zaid,1784.4,maize
60.2,42.29,60.81,6.59,21.17,56.61,159.91,Ranchi,zaid,2368.29,maize
78.68,29.0,64.44,6.36,21.0,52.97,111.61,Patna,kharif,2266.25,maize
68.58,31.63,36.77,6.3,31.92,55.78,178.34,Pune,zaid,2055.76,maize
59.95,23.64,60.55,6.72,23.05,73.17,128.29,Lucknow,kharif,3097.78,maize
77.23,44.9,60.66,6.68,28.57,52.74,146.12,Lucknow,zaid,3135.12,maize
83.44,48.12,35.18,6.74,31.92,83.61,57.9,Nagpur,kharif,2093.31,maize
58.86,31.09,26.05,6.08,26.43,72.86,130.85,Nagpur,zaid,2823.21,maize
67.59,41.2,26.8,7.23,22.24,73.89,129.98,Pune,kharif,2609.47,maize
77.04,31.62,67.72,6.38,26.46,59.01,126.82,Ranchi,kharif,2293.97,maize
60.19,25.99,54.85,6.73,25.85,82.36,126.81,Ranchi,zaid,2028.81,maize
85.25,37.32,61.89,6.72,25.12,80.29,94.09,Patna,zaid,2173.05,maize
70.75,37.26,54.72,6.57,21.27,80.34,88.44,Pune,kharif,3069.0,maize
72.4,37.03,62.29,6.05,31.65,68.6,122.06,Patna,kharif,2367.28,maize
69.88,29.38,40.42,6.97,25.47,53.26,50.23,Nagpur,kharif,1815.62,maize
74.33,26.98,64.68,6.18,19.37,80.65,81.35,Ranchi,kharif,2223.22,maize
87.77,42.02,28.1,6.87,32.84,83.14,54.84,Lucknow,zaid,2173.14,maize
55.19,41.45,37.32,6.42,19.36,67.43,62.14,Lucknow,kharif,2234.55,maize
88.15,26.06,48.48,6.15,19.15,57.08,47.67,Patna,kharif,1736.98,maize
68.13,31.51,33.12,7.09,23.36,79.82,73.74,Nagpur,kharif,2415.27,maize
69.81,26.27,32.27,6.9,21.96,56.03,170.17,Bhopal,kharif,1573.11,maize
81.86,48.51,54.34,6.99,25.2,81.68,111.52,Lucknow,zaid,2103.6,maize
55.41,47.89,46.63,6.27,21.62,59.28,91.34,Bhopal,zaid,2719.78,maize
76.76,37.32,45.19,7.29,30.74,60.26,173.48,Bhopal,zaid,2171.7,maize
88.67,41.7,32.27,6.86,19.78,77.62,79.38,Lucknow,zaid,2681.87,maize
57.24,33.0,54.12,6.56,20.62,51.02,96.92,Ranchi,zaid,2603.66,maize
73.64,39.41,55.9,7.43,22.43,73.06,118.36,Pune,kharif,2019.92,maize
53.82,41.94,57.75,7.45,25.78,61.26,155.88,Lucknow,zaid,2810.38,maize
65.41,49.9,31.87,6.73,25.19,77.95,167.21,Nagpur,zaid,2742.94,maize
54.17,25.75,28.13,6.69,19.21,75.33,117.33,Varanasi,zaid,2921.0,maize
70.77,25.29,64.81,6.12,19.54,57.18,152.87,Varanasi,kharif,1679.88,maize
63.38,26.28,34.83,7.37,27.05,56.18,117.93,Lucknow,kharif,1934.83,maize
51.31,42.5,59.78,5.92,20.58,63.45,161.54,Ranchi,zaid,2412.9,maize
82.01,31.53,31.74,6.14,25.96,79.62,49.89,Varanasi,kharif,1551.82,maize
66.19,45.99,38.01,7.06,18.11,62.44,126.17,Varanasi,kharif,1720.59,maize
56.25,47.47,34.74,7.59,27.07,52.95,49.14,Patna,zaid,1627.37,maize
64.01,22.34,30.65,6.8,23.16,82.9,127.84,Pune,zaid,2384.6,maize
60.34,44.95,25.14,6.92,32.02,77.58,159.51,Varanasi,zaid,2174.82,maize
57.03,34.7,32.95,6.44,29.26,46.76,111.56,Nagpur,zaid,2176.08,cotton
39.07,43.37,33.38,7.04,33.6,47.11,32.01,Pune,zaid,1034.93,cotton
55.78,40.47,39.15,6.15,30.84,46.56,128.17,Bhopal,zaid,1968.18,cotton
47.56,31.13,67.08,6.53,29.13,64.78,137.67,Varanasi,zaid,2042.58,cotton
54.01,33.9,37.33,6.95,25.26,48.56,86.32,Nagpur,kharif,1231.89,cotton
35.78,25.37,53.42,7.31,34.79,56.27,126.25,Ranchi,zaid,1228.8,cotton
36.19,26.32,75.1,7.83,26.58,62.28,92.41,Patna,kharif,2160.23,cotton
46.86,26.15,32.04,6.69,34.17,72.36,42.06,Lucknow,kharif,1641.28,cotton
41.05,22.47,62.93,8.18,24.53,72.17,60.65,Nagpur,kharif,1907.06,cotton
54.83,35.67,56.82,6.52,33.43,74.1,80.51,Patna,kharif,1890.29,cotton
44.66,41.34,44.01,7.71,22.68,53.65,88.7,Varanasi,zaid,1734.89,cotton
74.85,20.89,43.57,6.79,28.18,59.82,124.18,Varanasi,zaid,2078.78,cotton
53.2,34.69,53.02,6.29,26.96,57.35,50.65,Bhopal,kharif,2058.83,cotton
58.56,31.92,73.87,6.27,22.71,54.01,77.43,Patna,kharif,1417.96,cotton
44.81,20.29,50.69,7.7,33.76,67.0,91.37,Nagpur,zaid,2013.87,cotton
44.37,32.87,68.53,6.7,30.81,59.44,85.35,Varanasi,zaid,1126.08,cotton
74.2,24.81,66.29,6.62,22.06,65.5,30.18,Bhopal,kharif,1946.05,cotton
64.84,38.78,66.21,6.05,31.56,74.7,56.69,Lucknow,kharif,1383.93,cotton
41.42,35.84,67.75,6.08,29.31,62.28,63.38,Varanasi,zaid,2226.88,cotton
49.57,40.91,39.53,7.81,22.19,59.68,38.29,Ranchi,kharif,1949.07,cotton
68.99,44.49,63.6,7.69,28.59,72.38,100.81,Nagpur,zaid,2236.97,cotton
54.87,37.71,40.14,6.46,35.67,58.04,50.0,Ranchi,kharif,1464.05,cotton
73.93,41.33,45.18,7.49,28.01,54.69,61.55,Ranchi,kharif,1190.44,cotton
48.24,23.27,43.25,6.6,27.71,54.78,59.84,Pune,zaid,1907.92,cotton
48.61,36.62,38.79,6.49,24.01,45.03,82.11,Varanasi,kharif,1054.54,cotton
74.79,42.8,40.75,6.68,27.96,70.33,118.29,Lucknow,kharif,1176.74,cotton
51.67,41.49,74.1,6.24,29.61,49.67,105.47,Nagpur,kharif,2283.01,cotton
36.4,25.59,63.01,6.31,22.67,48.97,38.53,Bhopal,kharif,2224.49,cotton
36.86,38.52,66.86,8.19,26.22,53.57,79.84,Ranchi,zaid,2199.21,cotton
53.86,24.6,66.35,7.88,27.0,65.06,74.02,Ranchi,zaid,1669.89,cotton
64.84,36.41,32.48,6.29,30.58,51.28,54.82,Varanasi,zaid,2090.79,cotton
37.86,18.98,52.16,7.36,34.03,48.32,51.63,Lucknow,kharif,1741.72,cotton
62.38,31.26,30.84,6.6,35.33,54.47,49.96,Lucknow,kharif,1262.54,cotton
44.45,31.52,57.03,7.22,31.72,53.24,103.14,Patna,kharif,1985.65,cotton
48.29,40.32,33.68,6.02,22.84,49.68,126.68,Nagpur,zaid,1594.97,cotton
52.16,28.66,45.07,6.3,30.84,49.1,115.3,Nagpur,kharif,1282.36,cotton
67.22,21.38,34.34,8.09,27.95,63.91,32.56,Lucknow,zaid,1390.19,cotton
50.75,44.99,41.25,6.62,27.63,53.06,106.12,Patna,zaid,1673.27,cotton
55.25,42.0,69.62,7.1,25.33,50.4,126.62,Patna,kharif,1994.23,cotton
67.6,38.22,63.4,8.02,27.12,56.69,47.7,Varanasi,kharif,1386.07,cotton
53.98,27.22,40.81,7.07,31.75,53.6,113.35,Nagpur,zaid,1881.7,cotton
45.04,35.04,37.69,6.8,31.87,63.95,50.66,Nagpur,zaid,2201.68,cotton
58.81,44.56,56.58,7.76,29.93,68.49,102.12,Lucknow,kharif,1967.58,cotton
64.67,24.42,79.03,6.5,24.55,70.76,56.73,Nagpur,kharif,1505.26,cotton
41.35,22.29,54.32,6.54,24.53,45.28,70.75,Nagpur,zaid,1445.55,cotton
59.85,34.92,33.54,6.7,34.09,62.47,75.32,Nagpur,kharif,1651.14,cotton
67.48,42.68,75.53,6.49,25.66,49.82,63.79,Bhopal,kharif,1465.93,cotton
41.74,30.72,47.66,7.35,24.27,64.89,114.35,Lucknow,kharif,1233.29,cotton
52.58,38.9,62.54,7.54,27.04,52.05,88.5,Varanasi,kharif,1286.11,cotton
42.88,25.86,55.33,7.07,30.01,58.12,131.14,Varanasi,zaid,2175.91,cotton
60.18,35.15,60.46,6.96,25.83,62.76,32.81,Bhopal,zaid,1010.44,cotton
36.86,32.17,60.75,6.44,34.44,50.7,127.3,Ranchi,zaid,2068.19,cotton
41.03,26.54,49.9,6.54,35.98,51.89,121.37,Patna,kharif,1222.76,cotton
44.02,29.39,57.93,6.26,33.25,53.24,90.42,Nagpur,zaid,1769.49,cotton
57.22,36.61,62.17,7.82,33.93,61.9,62.4,Patna,zaid,1031.92,cotton
72.44,21.15,76.32,7.32,32.5,46.61,85.68,Ranchi,zaid,1871.68,cotton
52.27,32.97,57.63,6.09,27.59,51.41,130.84,Bhopal,kharif,2367.21,cotton
42.01,23.93,53.89,7.92,28.5,46.66,34.39,Pune,kharif,1318.35,cotton
59.86,33.2,45.95,8.04,25.97,70.05,128.55,Lucknow,zaid,1676.67,cotton
46.07,35.78,34.4,7.04,24.26,46.88,30.41,Nagpur,zaid,1454.65,cotton
42.68,18.12,55.21,7.16,30.87,56.55,30.35,Varanasi,kharif,1943.45,cotton
69.65,18.61,56.52,7.97,29.59,63.25,104.98,Lucknow,kharif,1171.37,cotton
70.21,44.3,52.15,6.76,32.3,61.29,58.3,Pune,zaid,1241.02,cotton
53.37,22.59,30.99,6.11,34.95,47.19,38.05,Ranchi,kharif,1631.66,cotton
73.51,42.6,50.24,6.99,26.63,46.14,62.21,Varanasi,kharif,1171.74,cotton
57.43,20.67,35.15,7.06,27.63,49.13,30.49,Bhopal,kharif,1270.16,cotton
67.01,42.72,50.3,6.89,31.69,63.81,50.26,Patna,kharif,1150.76,cotton
39.12,40.19,53.97,6.14,24.87,69.12,112.69,Lucknow,kharif,2226.14,cotton
48.12,41.49,75.85,7.08,35.35,71.26,120.78,Pune,kharif,2203.59,cotton
61.73,38.58,59.17,8.18,24.62,52.87,40.18,Bhopal,zaid,1775.63,cotton
38.46,35.12,73.19,6.09,23.18,49.39,96.25,Ranchi,kharif,2289.72,cotton
64.95,35.99,40.19,8.01,32.3,64.73,101.6,Nagpur,zaid,2266.1,cotton
58.83,29.25,48.19,7.8,30.67,47.32,45.64,Lucknow,zaid,2260.26,cotton
73.07,29.55,69.2,7.82,25.74,49.36,139.67,Bhopal,zaid,1042.31,cotton
42.56,24.43,68.96,6.19,23.86,58.67,132.32,Varanasi,zaid,1786.63,cotton
43.05,28.37,37.33,7.22,31.94,55.64,47.98,Bhopal,zaid,1317.11,cotton
45.71,38.92,46.56,6.42,31.91,59.06,33.44,Bhopal,zaid,2343.92,cotton
49.14,28.39,54.47,7.73,21.09,72.97,101.06,Bhopal,kharif,2330.91,cotton
72.11,34.23,47.87,6.97,30.87,57.81,110.48,Lucknow,zaid,1128.59,cotton
43.17,43.49,37.78,6.28,33.18,69.56,111.26,Bhopal,zaid,2344.74,cotton
68.07,27.51,56.87,6.98,21.09,62.23,112.23,Bhopal,kharif,1244.37,cotton
56.22,22.81,62.3,6.42,21.95,65.56,42.18,Varanasi,zaid,1148.7,cotton
37.21,39.86,69.81,6.31,28.78,47.9,99.58,Ranchi,zaid,1088.1,cotton
43.31,36.44,36.41,6.46,27.76,62.19,139.87,Nagpur,zaid,1036.3,cotton
49.01,27.89,74.19,8.01,34.21,49.3,75.33,Patna,kharif,2044.24,cotton
61.53,24.4,46.17,7.89,24.76,73.93,63.69,Bhopal,kharif,1032.94,cotton
41.85,31.68,35.64,7.38,34.12,55.88,48.53,Bhopal,kharif,1560.03,cotton
58.66,20.73,56.86,7.03,25.91,48.3,137.92,Varanasi,zaid,1246.46,cotton
40.82,33.4,52.18,6.55,27.44,65.21,60.99,Bhopal,kharif,2281.34,cotton
42.93,43.77,70.53,6.75,33.62,60.56,68.14,Varanasi,kharif,2175.46,cotton
46.91,34.38,48.47,6.0,35.43,61.49,95.83,Lucknow,zaid,1839.85,cotton
61.48,41.73,45.14,6.73,31.06,49.48,132.24,Nagpur,kharif,1509.39,cotton
41.99,43.18,42.36,7.46,23.34,50.82,126.72,Nagpur,kharif,1207.25,cotton
55.05,41.29,46.3,6.28,35.73,65.3,123.58,Ranchi,kharif,2052.99,cotton
50.38,26.76,65.85,7.58,35.26,62.06,62.41,Bhopal,zaid,1685.34,cotton
61.75,25.09,65.57,6.11,29.44,56.74,117.67,Varanasi,kharif,2097.53,cotton
56.13,21.51,40.5,7.53,24.86,71.76,102.29,Bhopal,kharif,2165.2,cotton
70.68,32.73,35.28,7.18,33.83,67.48,62.02,Varanasi,zaid,1173.45,cotton
69.16,19.45,71.18,6.21,21.95,67.76,88.99,Nagpur,zaid,1580.37,cotton
68.57,19.56,60.8,7.7,29.26,74.49,105.47,Ranchi,zaid,1145.8,cotton
68.05,44.91,34.92,6.22,32.45,46.93,37.54,Lucknow,kharif,2244.34,cotton
70.26,35.56,46.13,7.99,25.48,53.27,127.5,Varanasi,zaid,1953.15,cotton
41.24,43.71,60.64,7.47,34.71,56.42,109.15,Ranchi,zaid,1896.48,cotton
70.88,36.36,33.38,6.4,35.31,74.06,136.42,Varanasi,zaid,1051.52,cotton
105.54,59.79,86.25,6.94,28.37,65.75,158.61,Nagpur,kharif,3378.9,sugarcane
100.07,65.03,48.35,7.05,25.9,56.13,173.25,Ranchi,zaid,3872.45,sugarcane
64.38,69.82,89.69,6.93,34.26,62.31,178.01,Lucknow,zaid,4698.06,sugarcane
100.59,48.52,80.1,7.38,24.72,58.43,183.51,Varanasi,zaid,4063.66,sugarcane
95.26,63.21,38.44,7.51,29.68,57.24,168.64,Lucknow,zaid,4291.35,sugarcane
78.31,36.34,72.77,6.5,29.83,78.75,167.35,Patna,kharif,3245.93,sugarcane
92.67,51.98,40.3,7.75,29.66,69.2,91.75,Ranchi,kharif,3442.48,sugarcane
73.54,52.7,60.43,7.78,35.24,61.58,76.02,Varanasi,kharif,4463.34,sugarcane
103.18,30.95,48.82,6.09,33.67,72.44,142.19,Nagpur,zaid,3886.12,sugarcane
90.08,31.23,70.53,7.47,31.75,64.96,192.2,Varanasi,kharif,4288.86,sugarcane
69.76,55.48,50.92,6.24,25.01,59.97,136.45,Patna,kharif,4018.46,sugarcane
95.62,41.24,52.14,6.45,33.21,83.79,138.8,Bhopal,kharif,2605.08,sugarcane
67.9,63.71,39.67,7.93,30.65,70.53,195.58,Lucknow,kharif,2568.87,sugarcane
65.83,63.63,64.1,6.12,33.83,55.82,82.14,Nagpur,zaid,4494.56,sugarcane
73.21,53.78,78.89,7.55,34.29,63.79,134.52,Bhopal,kharif,2523.34,sugarcane
75.12,52.46,44.31,7.64,33.62,81.32,67.35,Patna,zaid,4981.15,sugarcane
75.47,39.97,49.71,7.11,26.12,66.81,164.9,Nagpur,kharif,4590.07,sugarcane
89.72,35.91,79.89,6.07,26.43,56.71,166.79,Pune,zaid,3420.93,sugarcane
75.44,30.58,43.56,7.0,27.04,75.83,98.5,Lucknow,zaid,4431.99,sugarcane
91.04,61.97,56.21,6.09,29.96,84.86,215.04,Patna,kharif,3052.56,sugarcane
77.25,36.41,71.63,7.0,30.01,79.82,113.85,Nagpur,zaid,4167.74,sugarcane
63.05,49.95,71.05,7.71,33.18,80.72,181.61,Bhopal,kharif,4258.1,sugarcane
91.31,34.82,38.23,6.31,33.7,77.32,211.8,Varanasi,kharif,4947.44,sugarcane
66.65,65.14,81.13,7.74,24.97,58.5,207.81,Bhopal,zaid,2934.57,sugarcane
85.11,47.27,64.98,7.7,25.93,55.83,66.12,Lucknow,kharif,2835.42,sugarcane
100.02,49.66,48.28,6.7,32.48,56.99,78.64,Varanasi,kharif,4040.66,sugarcane
101.76,47.19,88.17,7.96,24.68,66.03,156.05,Bhopal,zaid,2712.09,sugarcane
78.22,57.48,53.79,6.13,27.13,62.35,60.87,Pune,kharif,3837.0,sugarcane
74.37,55.65,74.88,6.53,27.28,62.41,213.1,Patna,kharif,2976.3,sugarcane
82.25,37.57,43.62,6.19,31.32,73.36,164.03,Varanasi,kharif,4433.25,sugarcane
105.92,59.33,79.26,7.44,27.66,63.49,127.6,Ranchi,kharif,2742.58,sugarcane
84.3,31.77,57.86,7.58,24.93,68.8,218.36,Varanasi,kharif,3764.8,sugarcane
97.5,45.28,67.93,6.5,25.02,71.0,171.3,Bhopal,kharif,2988.73,sugarcane
101.91,52.64,70.2,6.35,23.48,78.75,86.73,Ranchi,zaid,2727.92,sugarcane
108.18,54.65,55.83,7.67,25.66,67.88,117.12,Pune,zaid,4781.75,sugarcane
92.54,34.43,61.52,6.49,34.5,59.15,68.69,Nagpur,zaid,4261.07,sugarcane
61.77,59.09,46.56,7.31,32.75,56.78,183.16,Ranchi,kharif,3171.05,sugarcane
105.39,69.64,42.24,7.59,33.46,74.33,104.62,Varanasi,zaid,4912.87,sugarcane
84.98,50.86,43.9,7.45,24.16,75.79,195.78,Ranchi,kharif,3373.49,sugarcane
67.84,63.84,87.36,6.31,31.99,70.17,145.04,Patna,zaid,4266.22,sugarcane
84.99,43.13,86.85,7.02,29.14,65.45,162.31,Ranchi,kharif,3800.13,sugarcane
103.46,44.36,58.79,6.41,30.19,76.06,200.99,Bhopal,kharif,2629.02,sugarcane
95.19,41.37,46.25,6.59,34.38,63.74,134.05,Lucknow,zaid,4264.35,sugarcane
92.93,60.12,44.53,7.75,26.58,58.85,216.2,Patna,zaid,3004.1,sugarcane
91.3,42.75,42.33,7.2,32.87,78.8,84.88,Lucknow,kharif,3892.17,sugarcane
68.05,38.31,35.13,7.05,25.53,76.73,213.95,Bhopal,zaid,3021.89,sugarcane
103.9,57.64,53.77,7.06,31.7,78.49,72.82,Lucknow,kharif,2556.3,sugarcane
79.75,48.67,42.51,6.82,28.74,58.27,206.67,Pune,kharif,3997.86,sugarcane
67.66,57.6,60.78,7.37,32.89,63.86,105.54,Ranchi,kharif,3727.08,sugarcane
93.36,59.87,60.96,7.45,29.64,76.39,95.99,Bhopal,kharif,4347.11,sugarcane
73.33,52.24,82.04,6.5,32.57,83.62,198.6,Lucknow,zaid,3503.8,sugarcane
83.26,64.74,75.42,7.95,34.55,62.64,165.45,Nagpur,zaid,2551.36,sugarcane
73.05,56.59,81.7,6.32,34.02,55.37,130.72,Pune,zaid,3680.09,sugarcane
89.44,53.01,78.25,6.3,25.33,77.56,83.92,Pune,kharif,3673.61,sugarcane
92.56,38.42,51.72,7.94,28.83,56.33,95.13,Nagpur,zaid,3356.09,sugarcane
75.13,31.06,63.21,6.17,26.56,84.77,172.74,Pune,zaid,2626.67,sugarcane
63.93,36.4,55.95,7.71,24.88,81.26,96.76,Patna,zaid,3631.27,sugarcane
86.62,55.81,68.35,6.87,31.12,68.31,181.22,Lucknow,zaid,4922.28,sugarcane
101.04,54.07,76.21,6.36,29.23,62.72,60.56,Patna,zaid,4916.84,sugarcane
85.68,40.17,73.11,6.87,33.44,84.99,115.85,Ranchi,zaid,3111.01,sugarcane
64.67,45.76,35.96,6.23,26.53,59.8,177.15,Varanasi,kharif,2764.01,sugarcane
71.06,34.34,35.56,7.43,26.34,70.28,77.86,Nagpur,zaid,4963.24,sugarcane
80.6,64.07,48.47,6.53,33.51,63.2,60.46,Ranchi,kharif,3569.78,sugarcane
105.49,55.67,67.07,6.4,32.1,75.32,69.67,Nagpur,kharif,4702.12,sugarcane
76.95,55.13,40.5,6.14,23.33,82.5,109.82,Nagpur,kharif,4151.65,sugarcane
93.47,51.0,63.65,6.75,30.8,83.76,186.09,Nagpur,zaid,3560.57,sugarcane
104.18,35.43,81.73,6.51,32.3,79.19,136.32,Lucknow,kharif,2980.71,sugarcane
78.38,42.83,63.05,6.87,31.88,59.12,129.71,Varanasi,zaid,4729.25,sugarcane
82.87,56.42,83.82,7.19,33.72,61.68,116.45,Nagpur,kharif,4855.33,sugarcane
87.9,49.02,59.81,6.12,34.6,79.54,133.0,Ranchi,zaid,3198.6,sugarcane
81.2,45.58,36.9,6.55,32.77,72.34,188.99,Patna,kharif,3856.72,sugarcane
99.8,33.93,88.74,6.03,30.76,78.78,113.1,Ranchi,zaid,3996.42,sugarcane
73.55,61.1,85.05,6.88,24.06,78.96,201.63,Pune,kharif,3534.15,sugarcane
62.2,53.64,85.04,7.36,27.12,74.29,193.13,Varanasi,kharif,3689.58,sugarcane
79.6,43.94,67.06,6.93,35.7,70.49,121.63,Bhopal,zaid,3487.33,sugarcane
98.64,51.05,87.25,6.85,33.24,60.04,105.73,Patna,zaid,3345.21,sugarcane
85.09,37.69,69.88,6.38,24.61,84.07,165.32,Patna,kharif,4841.13,sugarcane
109.53,58.91,53.66,7.2,24.04,61.65,126.81,Ranchi,zaid,3004.55,sugarcane
109.78,44.84,74.01,6.82,24.81,65.11,97.34,Lucknow,zaid,3320.2,sugarcane
65.62,38.7,84.82,6.17,27.22,70.85,116.72,Nagpur,kharif,3794.02,sugarcane
92.43,52.54,72.45,7.13,28.69,65.5,96.23,Nagpur,kharif,3750.17,sugarcane
76.41,57.11,40.98,6.13,31.48,66.93,188.29,Varanasi,kharif,4843.28,sugarcane
81.28,40.57,68.47,7.26,31.09,64.65,70.2,Ranchi,zaid,3025.01,sugarcane
66.2,67.05,35.76,7.2,35.32,65.8,144.34,Pune,kharif,4239.46,sugarcane
83.88,62.68,75.99,7.62,35.84,66.11,179.53,Ranchi,kharif,4006.96,sugarcane
81.01,50.35,53.36,6.34,26.39,82.36,109.44,Pune,zaid,4936.9,sugarcane
96.15,52.96,73.33,7.29,32.19,82.17,150.16,Nagpur,kharif,2669.62,sugarcane
95.41,49.76,65.17,7.19,27.97,78.22,175.77,Varanasi,kharif,4285.75,sugarcane
104.52,53.82,88.19,6.24,31.22,76.51,136.36,Varanasi,zaid,3220.52,sugarcane
101.04,37.87,78.23,7.41,35.59,83.97,103.91,Ranchi,kharif,4416.12,sugarcane
91.46,53.91,38.0,6.01,23.75,58.84,101.22,Varanasi,kharif,4767.39,sugarcane
60.28,58.73,48.39,7.94,27.96,55.82,64.31,Varanasi,zaid,3883.43,sugarcane
108.99,43.49,61.55,6.2,29.79,72.99,100.17,Bhopal,zaid,4030.29,sugarcane
60.05,39.16,46.55,6.25,25.16,73.78,76.43,Varanasi,zaid,4346.33,sugarcane
106.33,56.41,45.86,6.17,26.02,83.86,213.98,Pune,zaid,3454.8,sugarcane
85.5,41.67,88.88,6.44,27.8,67.88,80.01,Lucknow,kharif,3457.06,sugarcane
67.02,53.36,57.37,6.34,23.16,63.2,69.89,Lucknow,zaid,3441.92,sugarcane
95.98,67.9,58.49,7.42,31.65,61.51,108.57,Patna,zaid,3824.57,sugarcane
83.09,39.11,89.64,6.23,35.43,79.27,194.22,Pune,zaid,4487.29,sugarcane
91.63,60.27,76.01,6.54,25.35,64.84,136.78,Varanasi,kharif,3934.45,sugarcane
98.45,57.05,49.49,6.96,27.36,62.05,61.64,Bhopal,zaid,3348.65,sugarcane
88.6,32.49,49.88,6.09,31.34,72.05,114.0,Ranchi,kharif,2868.34,sugarcane
89.22,57.16,64.22,7.61,34.65,66.48,170.4,Varanasi,zaid,3074.72,sugarcane
75.23,48.02,71.61,6.26,28.49,64.28,168.28,Ranchi,zaid,2839.92,sugarcane
95.57,36.25,58.21,7.43,32.95,57.85,196.32,Bhopal,kharif,4309.93,sugarcane
102.79,68.18,45.62,6.33,30.62,68.48,151.32,Patna,zaid,4495.11,sugarcane
80.87,58.72,45.82,7.07,23.28,70.11,147.25,Patna,zaid,4338.61,sugarcane
77.84,32.69,57.15,6.52,27.22,59.89,165.41,Lucknow,zaid,3816.58,sugarcane
87.69,49.71,78.78,7.91,24.7,81.52,172.77,Bhopal,kharif,4231.38,sugarcane
